{"cameraMode":{"drawMode":0,"name":"Shaded","section":"Shading Mode"},"sceneLighting":true,"audioPlay":false,"sceneViewState":{"showFog":true,"showMaterialUpdate":false,"showSkybox":true,"showFlares":true,"showImageEffects":true,"showParticleSystems":true},"in2DMode":false,"pivot":{"x":-1.2241778373718262,"y":0.5,"z":-3.6983251571655275},"rotation":{"x":0.03901372849941254,"y":-0.9594131112098694,"z":0.2235257625579834,"w":0.16745342314243318},"size":1.2146937847137452,"orthographic":true}