{"cameraMode":{"drawMode":0,"name":"Shaded","section":"Shading Mode"},"sceneLighting":false,"audioPlay":false,"sceneViewState":{"showFog":true,"showMaterialUpdate":false,"showSkybox":true,"showFlares":true,"showImageEffects":true,"showParticleSystems":true},"in2DMode":false,"pivot":{"x":-2.5999999046325685,"y":3.1635982990264894,"z":-25.600000381469728},"rotation":{"x":-0.001420677755959332,"y":-0.9981603026390076,"z":0.05485190451145172,"w":-0.025792056694626809},"size":2.8252031803131105,"orthographic":true}