{"cameraMode":{"drawMode":0,"name":"Shaded","section":"Shading Mode"},"sceneLighting":false,"audioPlay":false,"sceneViewState":{"showFog":true,"showMaterialUpdate":false,"showSkybox":true,"showFlares":true,"showImageEffects":true,"showParticleSystems":true},"in2DMode":false,"pivot":{"x":2.8610000610351564,"y":0.5799999833106995,"z":-1.6380000114440919},"rotation":{"x":-0.20337578654289246,"y":-0.02933150716125965,"z":0.006092284806072712,"w":-0.9786423444747925},"size":0.40416568517684939,"orthographic":true}