{"cameraMode":{"drawMode":0,"name":"Shaded","section":"Shading Mode"},"sceneLighting":true,"audioPlay":false,"sceneViewState":{"showFog":true,"showMaterialUpdate":false,"showSkybox":true,"showFlares":true,"showImageEffects":true,"showParticleSystems":true},"in2DMode":false,"pivot":{"x":-2.6431660652160646,"y":0.526931643486023,"z":-22.5676326751709},"rotation":{"x":0.013993685133755207,"y":-0.9537337422370911,"z":-0.044957686215639117,"w":-0.29694274067878725},"size":83.27063751220703,"orthographic":true}