{"cameraMode":{"drawMode":0,"name":"Shaded","section":"Shading Mode"},"sceneLighting":true,"audioPlay":false,"sceneViewState":{"showFog":true,"showMaterialUpdate":false,"showSkybox":true,"showFlares":true,"showImageEffects":true,"showParticleSystems":true},"in2DMode":false,"pivot":{"x":-12.979999542236329,"y":0.4700000286102295,"z":-1.6380000114440919},"rotation":{"x":-0.23755450546741486,"y":-0.33396899700164797,"z":0.0873744785785675,"w":-0.9079638123512268},"size":5.984852313995361,"orthographic":true}